"pctile","ave"
0-20,0.010149761997847
21-40,0.00722365766287474
41-60,0.00554608762256266
61-80,0.0043190303171065
81-100,0.00313369852321013

